skill_id,skill,category,hits,condition_rows,stored_applications_or_stacks,audit_status,audit_flags,wiki_revision,verified_on
73145,Barbed Spear,Weapon,2,1,1.0,STRUCTURALLY_CLEAR,,3161522,2026-08-01
73005,Ashen Assault,Stealth Attack,6,3,11.0,STRUCTURALLY_CLEAR,,3161521,2026-08-01
73041,Mantis Sting,Weapon,1,2,2.0,STRUCTURALLY_CLEAR,,3021081,2026-08-01
72896,Entangling Asp,Weapon,1,2,2.0,STRUCTURALLY_CLEAR,,3128622,2026-08-01
73076,Falling Spider,Weapon,1,2,2.0,STRUCTURALLY_CLEAR,,3128615,2026-08-01
72986,Unsuspecting Strike,Weapon,1,2,2.0,STRUCTURALLY_CLEAR,,3021115,2026-08-01
73063,Vampiric Slash,Weapon,1,1,1.0,STRUCTURALLY_CLEAR,,3135410,2026-08-01
72904,Shattering Assault,Weapon,1,0,0,STRUCTURALLY_CLEAR,,3130000,2026-08-01
72927,Distracting Throw,Weapon,1,2,4.0,STRUCTURALLY_CLEAR,,3128617,2026-08-01
72991,Shadow Veil,Weapon,0,0,0,STRUCTURALLY_CLEAR,,3082589,2026-08-01
5842,Bomb,Weapon,3,0,0,STRUCTURALLY_CLEAR,,2990793,2026-08-01
12433,Brutal Swipe,Weapon,1,1,1.0,STRUCTURALLY_CLEAR,,2358078,2026-08-01
40229,Double Lava Axe,Weapon,1,0,0,STRUCTURALLY_CLEAR,,3021146,2026-08-01
5752,Electrified Tornado,Weapon,1,0,0,STRUCTURALLY_CLEAR,,2359070,2026-08-01
12345,Fire Rocket,Weapon,1,1,1.0,STRUCTURALLY_CLEAR,,2482056,2026-08-01
5928,Flame Jet,Weapon,30,1,1.0,STRUCTURALLY_CLEAR,,3087889,2026-08-01
5532,Flame Wave,Weapon,1,0,0,STRUCTURALLY_CLEAR,,3021317,2026-08-01
5541,Lava Axe,Weapon,1,0,0,STRUCTURALLY_CLEAR,,3021148,2026-08-01
30371,Mortar Shot,Weapon,2,0,0,STRUCTURALLY_CLEAR,,2801050,2026-08-01
5595,Water Arrow,Weapon,2,0,0,STRUCTURALLY_CLEAR,,3021141,2026-08-01
5603,Whirlpool (Whirlpool skill),Bundle,,0,0,STRUCTURALLY_CLEAR,,885454,2026-08-01
10661,Withering Plague,Weapon,,1,2.0,MANUAL_VERIFICATION_REQUIRED,conditions present but hit count missing,2363484,2026-08-01
5753,Dust Tornado,Weapon,1,1,1.0,STRUCTURALLY_CLEAR,,2359023,2026-08-01
5593,Explosive Lava Axe,Weapon,1,0,0,STRUCTURALLY_CLEAR,,3021147,2026-08-01
5533,Fiery Eruption,Weapon,,1,6.0,MANUAL_VERIFICATION_REQUIRED,conditions present but hit count missing,3021318,2026-08-01
5823,Fire Bomb,Weapon,1,2,3.0,MANUAL_VERIFICATION_REQUIRED,"duplicate Burning rows (2; values=[(1, 2.0), (2, 5.0)])",2990790,2026-08-01
5931,Flame Blast,Weapon,2,3,5.0,MANUAL_VERIFICATION_REQUIRED,"duplicate Burning rows (3; values=[(1, 6.0), (2, 4.0), (2, 6.0)])",3163855,2026-08-01
5720,Frost Volley,Weapon,5,1,5.0,STRUCTURALLY_CLEAR,,3021140,2026-08-01
12434,Heavy Swipe,Weapon,1,0,0,STRUCTURALLY_CLEAR,,2429667,2026-08-01
10662,Plague of Darkness,Weapon,,2,2.0,MANUAL_VERIFICATION_REQUIRED,conditions present but hit count missing,2361088,2026-08-01
30885,Poison Gas Shell,Weapon,2,1,1.0,STRUCTURALLY_CLEAR,,2361187,2026-08-01
12348,Rocket Spray,Weapon,1,0,0,STRUCTURALLY_CLEAR,,2748845,2026-08-01
5930,Air Blast,Weapon,,1,1.0,MANUAL_VERIFICATION_REQUIRED,conditions present but hit count missing,3035573,2026-08-01
5717,Burning Retreat (Lava Axe skill),Weapon,1,1,1.0,STRUCTURALLY_CLEAR,,2887316,2026-08-01
5754,Debris Tornado,Weapon,2,0,0,STRUCTURALLY_CLEAR,,2413839,2026-08-01
30307,Endothermic Shell,Weapon,2,1,1.0,STRUCTURALLY_CLEAR,,2969641,2026-08-01
5697,Fiery Whirl,Weapon,1,1,1.0,STRUCTURALLY_CLEAR,,2677028,2026-08-01
5568,Frost Fan,Weapon,7,1,1.0,STRUCTURALLY_CLEAR,,3021143,2026-08-01
5822,Galvanic Bomb,Weapon,3,2,7.0,STRUCTURALLY_CLEAR,,2991161,2026-08-01
12349,Heat Seeker,Weapon,1,1,1.0,STRUCTURALLY_CLEAR,,2508661,2026-08-01
10663,Plague of Pestilence,Weapon,,2,2.0,MANUAL_VERIFICATION_REQUIRED,conditions present but hit count missing,2361090,2026-08-01
35224,Elemental Requiem,Weapon,1,3,9.0,STRUCTURALLY_CLEAR,,2630358,2026-08-01
5517,Fiery Rush,Weapon,2,0,0,STRUCTURALLY_CLEAR,,3021319,2026-08-01
30121,Flash Shell,Weapon,2,2,2.0,MANUAL_VERIFICATION_REQUIRED,"duplicate Blind rows (2; values=[(1, 2.0), (1, 5.0)])",2622728,2026-08-01
5723,Frost Storm,Weapon,2,1,1.0,STRUCTURALLY_CLEAR,,3021144,2026-08-01
76530,Magnetic Bomb,Weapon,2,0,0,STRUCTURALLY_CLEAR,,2991200,2026-08-01
5718,Ring of Fire (Lava Axe skill),Weapon,1,1,1.0,STRUCTURALLY_CLEAR,,3021150,2026-08-01
12435,Roar,Weapon,,0,0,STRUCTURALLY_CLEAR,,2608063,2026-08-01
12347,Rocket Jump,Weapon,1,0,0,STRUCTURALLY_CLEAR,,3006773,2026-08-01
76493,Stoke the Flames,Weapon,1,2,3.0,MANUAL_VERIFICATION_REQUIRED,"duplicate Burning rows (2; values=[(1, 4.0), (2, 6.0)])",3128692,2026-08-01
5813,Big Ol' Bomb,Weapon,2,0,0,STRUCTURALLY_CLEAR,,3154425,2026-08-01
5721,Deep Freeze,Weapon,1,2,6.0,STRUCTURALLY_CLEAR,,3021145,2026-08-01
35304,Dust Charge,Weapon,2,0,0,STRUCTURALLY_CLEAR,,3069393,2026-08-01
30032,Elixir Shell,Weapon,1,0,0,STRUCTURALLY_CLEAR,,2690111,2026-08-01
12346,Fire Rocket Barrage,Weapon,5,1,1.0,STRUCTURALLY_CLEAR,,2359449,2026-08-01
5531,Firestorm,Weapon,1,0,0,STRUCTURALLY_CLEAR,,3021320,2026-08-01
5719,Flame Leap,Weapon,1,1,1.0,STRUCTURALLY_CLEAR,,2633061,2026-08-01
5929,Napalm,Weapon,30,2,20.0,MANUAL_VERIFICATION_REQUIRED,"duplicate Burning rows (2; values=[(10, 1.5), (10, 3.25)])",3154839,2026-08-01
12343,Artillery Barrage,Elite,1,0,0,STRUCTURALLY_CLEAR,,2932114,2026-08-01
12373,Avatar of Melandru,Elite,,0,0,STRUCTURALLY_CLEAR,,2997922,2026-08-01
13132,Basilisk Venom,Elite,,1,1.0,MANUAL_VERIFICATION_REQUIRED,conditions present but hit count missing,2917431,2026-08-01
12385,Become the Bear,Elite,,0,0,STRUCTURALLY_CLEAR,,2649759,2026-08-01
12403,Become the Raven,Elite,,0,0,STRUCTURALLY_CLEAR,,2649722,2026-08-01
12401,Become the Snow Leopard,Elite,,0,0,STRUCTURALLY_CLEAR,,2649720,2026-08-01
12391,Become the Wolf,Elite,,0,0,STRUCTURALLY_CLEAR,,2649714,2026-08-01
12344,Charrzooka,Elite,,0,0,STRUCTURALLY_CLEAR,,2807622,2026-08-01
13085,Dagger Storm,Elite,2,2,3.0,STRUCTURALLY_CLEAR,,3033384,2026-08-01
29639,Finishing Blow,Elite,2,0,0,STRUCTURALLY_CLEAR,,2828889,2026-08-01
12363,Hounds of Balthazar,Elite,,0,0,STRUCTURALLY_CLEAR,,3022970,2026-08-01
29516,Impact Strike,Elite,2,1,1.0,STRUCTURALLY_CLEAR,,2768615,2026-08-01
10800,Mistfire Wolf,Elite,,0,0,STRUCTURALLY_CLEAR,,2649936,2026-08-01
12367,Reaper of Grenth,Elite,,2,2.0,MANUAL_VERIFICATION_REQUIRED,conditions present but hit count missing,2649876,2026-08-01
12372,Remove Avatar of Melandru,Elite,,0,0,STRUCTURALLY_CLEAR,,2361521,2026-08-01
45508,Shadow Meld,Elite,,0,0,STRUCTURALLY_CLEAR,,2811829,2026-08-01
63275,Shadowfall,Elite,2,0,0,STRUCTURALLY_CLEAR,,2836474,2026-08-01
77255,Skritt Scuffle,Elite,2,0,0,STRUCTURALLY_CLEAR,,3111171,2026-08-01
12323,Summon 7-Series Golem,Elite,,0,0,STRUCTURALLY_CLEAR,,2649711,2026-08-01
12324,Summon D-Series Golem,Elite,,0,0,STRUCTURALLY_CLEAR,,2649894,2026-08-01
12447,Summon Druid Spirit,Elite,,0,0,STRUCTURALLY_CLEAR,,3122795,2026-08-01
12325,Summon Power Suit,Elite,,0,0,STRUCTURALLY_CLEAR,,2777315,2026-08-01
12450,Summon Sylvan Hound,Elite,,0,0,STRUCTURALLY_CLEAR,,3122796,2026-08-01
12457,Take Root,Elite,,0,0,STRUCTURALLY_CLEAR,,2649725,2026-08-01
13082,Thieves Guild,Elite,,0,0,STRUCTURALLY_CLEAR,,3119468,2026-08-01
30077,Uppercut (Daredevil skill),Elite,2,0,0,STRUCTURALLY_CLEAR,,2828888,2026-08-01
12340,Warband Support,Elite,,0,0,STRUCTURALLY_CLEAR,,3018868,2026-08-01
76886,Antivenom Draught,Heal,2,0,0,STRUCTURALLY_CLEAR,,3101976,2026-08-01
76881,Antivenom Draught: Backfired,Heal,,0,0,STRUCTURALLY_CLEAR,,3077172,2026-08-01
30400,Channeled Vigor,Heal,2,0,0,STRUCTURALLY_CLEAR,,2691188,2026-08-01
12440,Healing Seed,Heal,1,0,0,STRUCTURALLY_CLEAR,,2649715,2026-08-01
13027,Hide in Shadows,Heal,1,0,0,STRUCTURALLY_CLEAR,,2840218,2026-08-01
45088,Malicious Restoration,Heal,1,0,0,STRUCTURALLY_CLEAR,,2847873,2026-08-01
12360,Prayer to Dwayna,Heal,1,0,0,STRUCTURALLY_CLEAR,,2649797,2026-08-01
13050,Signet of Malice,Heal,1,0,0,STRUCTURALLY_CLEAR,,2956550,2026-08-01
21778,Skelk Venom,Heal,3,0,0,STRUCTURALLY_CLEAR,,2917427,2026-08-01
63292,Well of Gloom,Heal,4,1,1.0,STRUCTURALLY_CLEAR,,2768616,2026-08-01
13021,Withdraw,Heal,2,0,0,STRUCTURALLY_CLEAR,,2649815,2026-08-01
43390,Deadeye's Mark,Profession,,0,0,STRUCTURALLY_CLEAR,,3172355,2026-08-01
63067,Siphon,Profession,1,2,2.0,MANUAL_VERIFICATION_REQUIRED,"duplicate Slow rows (2; values=[(1, 3.0), (1, 5.0)])",3129486,2026-08-01
77397,Skritt Swipe,Profession,,0,0,STRUCTURALLY_CLEAR,,3095246,2026-08-01
13014,Steal,Profession,,0,0,STRUCTURALLY_CLEAR,,2790574,2026-08-01
76816,Chak Shield,Artifact,7,0,0,STRUCTURALLY_CLEAR,,3098744,2026-08-01
63155,Enter Shadow Shroud,Profession,1,0,0,STRUCTURALLY_CLEAR,,2709357,2026-08-01
63251,Exit Shadow Shroud,Profession,,0,0,STRUCTURALLY_CLEAR,,2625036,2026-08-01
76550,Forged Surfer Dash (underwater),Artifact,2,2,2.0,MANUAL_VERIFICATION_REQUIRED,"duplicate Burning rows (2; values=[(1, 4.0), (1, 6.0)])",3094243,2026-08-01
77288,Mistburn Mortar (underwater),Artifact,1,2,2.0,MANUAL_VERIFICATION_REQUIRED,"duplicate Burning rows (2; values=[(1, 2.0)])",3094242,2026-08-01
43768,Steal Defenses,Profession,1,1,2.0,STRUCTURALLY_CLEAR,,3172346,2026-08-01
43373,Steal Durability,Profession,1,1,10.0,STRUCTURALLY_CLEAR,,3172349,2026-08-01
40903,Steal Health,Profession,2,1,5.0,STRUCTURALLY_CLEAR,,3172354,2026-08-01
44526,Steal Mobility,Profession,1,0,0,STRUCTURALLY_CLEAR,,3172350,2026-08-01
40888,Steal Precision,Profession,1,1,1.0,STRUCTURALLY_CLEAR,,3172351,2026-08-01
40133,Steal Resistance,Profession,1,1,3.0,STRUCTURALLY_CLEAR,,3172347,2026-08-01
40904,Steal Strength,Profession,1,1,1.0,STRUCTURALLY_CLEAR,,3172348,2026-08-01
42863,Steal Time,Profession,1,1,1.0,STRUCTURALLY_CLEAR,,3172353,2026-08-01
39960,Steal Warmth,Profession,1,1,1.0,STRUCTURALLY_CLEAR,,3172352,2026-08-01
76900,Summon Kryptis Turret (underwater),Artifact,16,0,0,STRUCTURALLY_CLEAR,,3094239,2026-08-01
76909,Unstable Skritt Bomb,Artifact,2,0,0,STRUCTURALLY_CLEAR,,3092918,2026-08-01
76895,Zephyrite Sun Crystal,Artifact,1,2,3.0,MANUAL_VERIFICATION_REQUIRED,"duplicate Burning rows (2; values=[(1, 4.0), (2, 4.0)])",3104165,2026-08-01
13046,Assassin's Signet,Utility,,0,0,STRUCTURALLY_CLEAR,,2679601,2026-08-01
30661,Bandit's Defense,Utility,,0,0,STRUCTURALLY_CLEAR,,2691176,2026-08-01
12338,Battle Roar,Utility,,0,0,STRUCTURALLY_CLEAR,,2649705,2026-08-01
41205,Binding Shadow,Utility,2,3,32.0,MANUAL_VERIFICATION_REQUIRED,"duplicate Vulnerability rows (2; values=[(15, 10.0), (15, 6.0)])",3154907,2026-08-01
13044,Blinding Powder,Utility,,1,1.0,MANUAL_VERIFICATION_REQUIRED,conditions present but hit count missing,2956597,2026-08-01
12387,Call Owl,Utility,1,1,3.0,STRUCTURALLY_CLEAR,,2649710,2026-08-01
12417,Call Wurm,Utility,,0,0,STRUCTURALLY_CLEAR,,2763685,2026-08-01
13028,Caltrops,Utility,,2,2.0,MANUAL_VERIFICATION_REQUIRED,conditions present but hit count missing,2655641,2026-08-01
76744,Canach-Coin Toss (backfired),Utility,,0,0,STRUCTURALLY_CLEAR,,3077174,2026-08-01
77230,Canach-Coin Toss,Utility,,0,0,STRUCTURALLY_CLEAR,,3104166,2026-08-01
13093,Devourer Venom,Utility,,0,0,STRUCTURALLY_CLEAR,,2917426,2026-08-01
30568,Distracting Daggers,Utility,2,1,1.0,STRUCTURALLY_CLEAR,,3171134,2026-08-01
76784,Emergency Jade Shield (backfired),Utility,,0,0,STRUCTURALLY_CLEAR,,3077176,2026-08-01
76879,Emergency Jade Shield,Utility,3,0,0,STRUCTURALLY_CLEAR,,3104169,2026-08-01
30868,Fist Flurry,Utility,10,1,1.0,STRUCTURALLY_CLEAR,,2690720,2026-08-01
12453,Grasping Vines,Utility,1,0,0,STRUCTURALLY_CLEAR,,3097383,2026-08-01
13066,Haste,Utility,,0,0,STRUCTURALLY_CLEAR,,2768602,2026-08-01
12339,Hidden Pistol,Utility,1,0,0,STRUCTURALLY_CLEAR,,2649723,2026-08-01
13096,Ice Drake Venom,Utility,,1,1.0,MANUAL_VERIFICATION_REQUIRED,conditions present but hit count missing,3065834,2026-08-01
30369,Impairing Daggers,Utility,3,3,5.0,MANUAL_VERIFICATION_REQUIRED,"duplicate Slow rows (2; values=[(1, 2.0), (1, 5.0)])",3065807,2026-08-01
13064,Infiltrator's Signet,Utility,,0,0,STRUCTURALLY_CLEAR,,2956545,2026-08-01
76808,Inquest Portal Device,Utility,2,2,6.0,MANUAL_VERIFICATION_REQUIRED,"duplicate Vulnerability rows (2; values=[(3, 5.0)])",3101989,2026-08-01
77361,Inquest Portal Device: Backfired,Utility,,0,0,STRUCTURALLY_CLEAR,,3077179,2026-08-01
41372,Mercy,Utility,,0,0,STRUCTURALLY_CLEAR,,3065820,2026-08-01
12320,Pain Inverter,Utility,,1,3.0,MANUAL_VERIFICATION_REQUIRED,conditions present but hit count missing,2676007,2026-08-01
30693,Palm Strike,Utility,3,1,1.0,STRUCTURALLY_CLEAR,,2790383,2026-08-01
56880,Pitfall,Utility,4,1,2.0,STRUCTURALLY_CLEAR,,2794407,2026-08-01
12361,Prayer to Kormir,Utility,,0,0,STRUCTURALLY_CLEAR,,2649853,2026-08-01
12362,Prayer to Lyssa,Utility,,0,0,STRUCTURALLY_CLEAR,,2845680,2026-08-01
13057,Prepare Pitfall,Utility,,0,0,STRUCTURALLY_CLEAR,,2649868,2026-08-01
13056,Prepare Seal Area,Utility,,0,0,STRUCTURALLY_CLEAR,,3065804,2026-08-01
13038,Prepare Shadow Portal,Utility,,0,0,STRUCTURALLY_CLEAR,,3082010,2026-08-01
13026,Prepare Thousand Needles,Utility,,0,0,STRUCTURALLY_CLEAR,,2649816,2026-08-01
12319,Radiation Field,Utility,1,2,2.0,STRUCTURALLY_CLEAR,,2649708,2026-08-01
30519,Reflexive Strike,Utility,2,0,0,STRUCTURALLY_CLEAR,,2413547,2026-08-01
13035,Roll for Initiative,Utility,,0,0,STRUCTURALLY_CLEAR,,2840227,2026-08-01
13020,Scorpion Wire,Utility,2,0,0,STRUCTURALLY_CLEAR,,2649748,2026-08-01
13099,Seal Area,Utility,,0,0,STRUCTURALLY_CLEAR,,2895931,2026-08-01
12456,Seed Turret,Utility,1,1,1.0,STRUCTURALLY_CLEAR,,2846473,2026-08-01
41158,Shadow Flare,Utility,1,0,0,STRUCTURALLY_CLEAR,,3116834,2026-08-01
46335,Shadow Gust,Utility,2,0,0,STRUCTURALLY_CLEAR,,3159569,2026-08-01
16435,Shadow Portal,Utility,,1,1.0,MANUAL_VERIFICATION_REQUIRED,conditions present but hit count missing,2840229,2026-08-01
13117,Shadow Refuge,Utility,1,0,0,STRUCTURALLY_CLEAR,,3169382,2026-08-01
13106,Shadow Return,Utility,,0,0,STRUCTURALLY_CLEAR,,2761775,2026-08-01
45672,Shadow Swap,Utility,1,0,0,STRUCTURALLY_CLEAR,,2707817,2026-08-01
13002,Shadowstep,Utility,,0,0,STRUCTURALLY_CLEAR,,3140125,2026-08-01
12337,Shrapnel Mine,Utility,1,2,3.0,STRUCTURALLY_CLEAR,,2649703,2026-08-01
13062,Signet of Agility,Utility,,0,0,STRUCTURALLY_CLEAR,,3023364,2026-08-01
13060,Signet of Shadows,Utility,,0,0,STRUCTURALLY_CLEAR,,3172343,2026-08-01
13055,Skale Venom,Utility,,4,4.0,MANUAL_VERIFICATION_REQUIRED,"duplicate Vulnerability rows (2; values=[(1, 10.0), (1, 6.0)]) | duplicate Torment rows (2; values=[(1, 3.0), (1, 5.0)]) | conditions present but hit count missing",2917429,2026-08-01
13065,Smoke Screen,Utility,,3,10.0,MANUAL_VERIFICATION_REQUIRED,conditions present but hit count missing,3169378,2026-08-01
13037,Spider Venom,Utility,,2,2.0,MANUAL_VERIFICATION_REQUIRED,"duplicate Poison rows (2; values=[(1, 3.0), (1, 6.0)]) | conditions present but hit count missing",2917430,2026-08-01
76725,Stone Summit Cannon,Utility,8,4,12.0,MANUAL_VERIFICATION_REQUIRED,"duplicate Burning rows (4; values=[(3, 3.0), (3, 4.0), (3, 5.0), (3, 8.0)])",3128875,2026-08-01
77092,Stone Summit Cannon (backfired),Utility,,0,0,STRUCTURALLY_CLEAR,,3077184,2026-08-01
12318,Technobabble,Utility,,1,1.0,MANUAL_VERIFICATION_REQUIRED,conditions present but hit count missing,3092448,2026-08-01
56898,Thousand Needles,Utility,2,4,5.0,STRUCTURALLY_CLEAR,,2368534,2026-08-01
63323,Well of Bounty,Utility,,0,0,STRUCTURALLY_CLEAR,,2989840,2026-08-01
63230,Well of Silence,Utility,,1,1.0,MANUAL_VERIFICATION_REQUIRED,conditions present but hit count missing,2840246,2026-08-01
63276,Well of Sorrow,Utility,1,6,16.0,MANUAL_VERIFICATION_REQUIRED,"duplicate Torment rows (2; values=[(2, 6.0), (2, 8.0)]) | duplicate Bleeding rows (2; values=[(3, 6.0), (3, 8.0)]) | duplicate Poison rows (2; values=[(3, 6.0), (3, 8.0)])",3128642,2026-08-01
63294,Well of Tears,Utility,1,0,0,STRUCTURALLY_CLEAR,,2874752,2026-08-01
72034,Cunning Salvo,Stealth Attack,2,3,6.0,MANUAL_VERIFICATION_REQUIRED,"duplicate Bleeding rows (2; values=[(2, 8.0), (3, 8.0)])",3155126,2026-08-01
71835,Malicious Cunning Salvo,Stealth Attack,2,5,9.0,MANUAL_VERIFICATION_REQUIRED,"duplicate Bleeding rows (2; values=[(1, 8.0), (3, 8.0)]) | duplicate Poison rows (2; values=[(1, 1.0), (3, 1.0)])",3065783,2026-08-01
71854,Spinning Axe,Weapon,2,2,2.0,MANUAL_VERIFICATION_REQUIRED,"duplicate Bleeding rows (2; values=[(1, 3.0), (1, 4.0)])",3065795,2026-08-01
71852,Venomous Volley,Weapon,6,1,6.0,STRUCTURALLY_CLEAR,,3128627,2026-08-01
71864,Harrowing Storm,Weapon,,3,3.0,MANUAL_VERIFICATION_REQUIRED,"duplicate Torment rows (2; values=[(1, 2.0), (1, 4.0)]) | conditions present but hit count missing",3033150,2026-08-01
71965,Orchestrated Assault,Weapon,,2,2.0,MANUAL_VERIFICATION_REQUIRED,conditions present but hit count missing,2962241,2026-08-01
71895,Recall Axes,Weapon,,2,2.0,MANUAL_VERIFICATION_REQUIRED,conditions present but hit count missing,3033149,2026-08-01
13005,Backstab,Stealth Attack,4,0,0,STRUCTURALLY_CLEAR,,2956537,2026-08-01
13004,Double Strike,Weapon,4,0,0,STRUCTURALLY_CLEAR,,2619752,2026-08-01
13108,Lotus Strike,Weapon,2,1,2.0,STRUCTURALLY_CLEAR,,2619056,2026-08-01
50481,Malicious Backstab,Stealth Attack,4,0,0,STRUCTURALLY_CLEAR,,2693792,2026-08-01
13087,Wild Strike,Weapon,2,2,3.0,MANUAL_VERIFICATION_REQUIRED,"duplicate Bleeding rows (2; values=[(1, 3.0), (2, 3.0)])",2619055,2026-08-01
13097,Heartseeker,Weapon,5,0,0,STRUCTURALLY_CLEAR,,3128626,2026-08-01
13006,Death Blossom,Weapon,3,2,9.0,MANUAL_VERIFICATION_REQUIRED,"duplicate Bleeding rows (2; values=[(3, 10.0), (6, 6.0)])",3128613,2026-08-01
13040,Shadow Shot,Weapon,2,1,1.0,STRUCTURALLY_CLEAR,,2840233,2026-08-01
13110,Twisting Fangs,Weapon,2,1,2.0,STRUCTURALLY_CLEAR,,2631528,2026-08-01
13019,Dancing Dagger,Weapon,2,2,2.0,STRUCTURALLY_CLEAR,,2585635,2026-08-01
16432,Cloak and Dagger,Weapon,2,1,5.0,STRUCTURALLY_CLEAR,,2619088,2026-08-01
13079,Diving Knife,Weapon,1,1,1.0,STRUCTURALLY_CLEAR,,2366434,2026-08-01
13003,Trail of Knives,Weapon,1,1,1.0,STRUCTURALLY_CLEAR,,2628475,2026-08-01
13138,Venomous Knife,Stealth Attack,1,3,6.0,MANUAL_VERIFICATION_REQUIRED,"duplicate Poison rows (2; values=[(1, 2.0), (2, 8.0)])",2366388,2026-08-01
13081,Cheap Shot,Weapon,1,1,1.0,STRUCTURALLY_CLEAR,,2413874,2026-08-01
13140,Shadow Escape,Weapon,,0,0,STRUCTURALLY_CLEAR,,3140085,2026-08-01
13033,Smoke Bomb (thief skill),Weapon,,0,0,STRUCTURALLY_CLEAR,,2508991,2026-08-01
13080,Vanish in the Deep,Weapon,,0,0,STRUCTURALLY_CLEAR,,2363228,2026-08-01
1175,Bandage,Weapon,,0,0,STRUCTURALLY_CLEAR,,2848025,2026-08-01
65179,Rescue Protocol (skill),Weapon,,0,0,STRUCTURALLY_CLEAR,,3138424,2026-08-01
37873,Channeled Agony,Weapon,1,1,5.0,STRUCTURALLY_CLEAR,,2882048,2026-08-01
76702,Exalted Hammer,Artifact,4,0,0,STRUCTURALLY_CLEAR,,3098745,2026-08-01
76633,Forged Surfer Dash,Artifact,4,4,4.0,MANUAL_VERIFICATION_REQUIRED,"duplicate Burning rows (4; values=[(1, 2.0), (1, 3.5), (1, 4.0), (1, 6.0)])",3104157,2026-08-01
76674,Holo-Dancer Decoy,Artifact,2,0,0,STRUCTURALLY_CLEAR,,3128759,2026-08-01
76582,Metal Legion Guitar,Artifact,4,3,3.0,MANUAL_VERIFICATION_REQUIRED,"duplicate Stun rows (2; values=[(1, 1.5), (1, 2.0)])",3128646,2026-08-01
77277,Mistburn Mortar,Artifact,1,4,4.0,MANUAL_VERIFICATION_REQUIRED,"duplicate Burning rows (4; values=[(1, 1.0), (1, 1.5), (1, 2.0), (1, 6.0)])",3129026,2026-08-01
77192,Summon Kryptis Turret,Artifact,16,2,2.0,MANUAL_VERIFICATION_REQUIRED,"duplicate Torment rows (2; values=[(1, 3.0), (1, 4.0)])",3128650,2026-08-01
50466,Malicious Sneak Attack,Stealth Attack,5,3,11.0,MANUAL_VERIFICATION_REQUIRED,"duplicate Bleeding rows (2; values=[(5, 5.0), (5, 6.0)])",2372975,2026-08-01
13115,Sneak Attack,Stealth Attack,10,1,5.0,STRUCTURALLY_CLEAR,,2362145,2026-08-01
13084,Vital Shot,Weapon,2,2,2.0,MANUAL_VERIFICATION_REQUIRED,"duplicate Bleeding rows (2; values=[(1, 4.0), (1, 6.0)])",2776544,2026-08-01
13008,Bola Shot,Weapon,1,1,5.0,STRUCTURALLY_CLEAR,,2357969,2026-08-01
13111,Repeater (offhand empty),Weapon,5,2,10.0,MANUAL_VERIFICATION_REQUIRED,"duplicate Bleeding rows (2; values=[(5, 3.0), (5, 4.0)])",2570044,2026-08-01
59526,Repeater,Weapon,5,2,10.0,MANUAL_VERIFICATION_REQUIRED,"duplicate Bleeding rows (2; values=[(5, 3.0), (5, 4.0)])",3170841,2026-08-01
13010,Shadow Strike,Weapon,2,2,6.0,MANUAL_VERIFICATION_REQUIRED,"duplicate Torment rows (2; values=[(2, 6.0), (4, 6.0)])",3170842,2026-08-01
13011,Unload,Weapon,16,0,0,STRUCTURALLY_CLEAR,,3128156,2026-08-01
13012,Head Shot,Weapon,2,0,0,STRUCTURALLY_CLEAR,,2742998,2026-08-01
13113,Black Powder,Weapon,1,1,1.0,STRUCTURALLY_CLEAR,,2989626,2026-08-01
41422,Brutal Aim,Weapon,2,2,2.0,MANUAL_VERIFICATION_REQUIRED,"duplicate Vulnerability rows (2; values=[(1, 6.0)])",2655654,2026-08-01
40710,Deadly Aim,Weapon,2,2,3.0,MANUAL_VERIFICATION_REQUIRED,"duplicate Vulnerability rows (2; values=[(1, 6.0), (2, 6.0)])",2655655,2026-08-01
69316,Death's Judgment,Stealth Attack,4,0,0,STRUCTURALLY_CLEAR,,3155124,2026-08-01
44087,Malicious Death's Judgment,Stealth Attack,4,0,0,STRUCTURALLY_CLEAR,,3172034,2026-08-01
41494,Skirmisher's Shot,Weapon,2,1,1.0,STRUCTURALLY_CLEAR,,2792654,2026-08-01
44591,Spotter's Shot,Weapon,2,3,3.0,MANUAL_VERIFICATION_REQUIRED,"duplicate Immobilize rows (2; values=[(1, 1.0), (1, 1.5)])",2967121,2026-08-01
43916,Double Tap,Weapon,4,0,0,STRUCTURALLY_CLEAR,,3128624,2026-08-01
44695,Three Round Burst,Weapon,6,0,0,STRUCTURALLY_CLEAR,,3128625,2026-08-01
40436,Death's Advance,Weapon,,0,0,STRUCTURALLY_CLEAR,,3169373,2026-08-01
41937,Death's Retreat,Weapon,1,1,1.0,STRUCTURALLY_CLEAR,,3171138,2026-08-01
68600,Sniper's Cover,Weapon,,0,0,STRUCTURALLY_CLEAR,,3169370,2026-08-01
41068,Free Action,Weapon,,0,0,STRUCTURALLY_CLEAR,,2894471,2026-08-01
40600,Kneel,Weapon,,0,0,STRUCTURALLY_CLEAR,,3065817,2026-08-01
63182,Double Bolt,Weapon,4,2,2.0,MANUAL_VERIFICATION_REQUIRED,"duplicate Torment rows (2; values=[(1, 2.0), (1, 4.0)])",3129479,2026-08-01
69173,Malicious Shadowsquall,Stealth Attack,1,1,1.0,STRUCTURALLY_CLEAR,,3145295,2026-08-01
63066,Shadow Bolt,Weapon,3,2,2.0,MANUAL_VERIFICATION_REQUIRED,"duplicate Torment rows (2; values=[(1, 2.0), (1, 4.0)])",3129478,2026-08-01
63314,Shadowsquall,Stealth Attack,2,1,1.0,STRUCTURALLY_CLEAR,,3131008,2026-08-01
63134,Triple Bolt,Weapon,4,2,2.0,MANUAL_VERIFICATION_REQUIRED,"duplicate Torment rows (2; values=[(1, 2.0), (1, 5.0)])",3129480,2026-08-01
63351,Shadow Sap,Weapon,4,0,0,STRUCTURALLY_CLEAR,,3175542,2026-08-01
63128,Endless Night,Weapon,2,5,5.0,MANUAL_VERIFICATION_REQUIRED,"duplicate Slow rows (3; values=[(1, 0.25), (1, 0.5), (1, 1.5)]) | duplicate Torment rows (2; values=[(1, 5.0), (1, 6.0)])",3065833,2026-08-01
63267,Measured Shot,Weapon,3,1,1.0,STRUCTURALLY_CLEAR,,2989628,2026-08-01
63154,Triple Threat,Weapon,3,1,1.0,STRUCTURALLY_CLEAR,,2732228,2026-08-01
63254,Twilight Combo,Weapon,6,8,14.0,MANUAL_VERIFICATION_REQUIRED,"duplicate Chill rows (2; values=[(1, 2.0), (1, 3.0)]) | duplicate Poison rows (3; values=[(1, 5.0), (1, 6.0), (1, 8.0)]) | duplicate Torment rows (3; values=[(3, 5.0), (3, 6.0), (3, 8.0)])",3129484,2026-08-01
50451,Malicious Surprise Shot,Stealth Attack,1,2,4.0,MANUAL_VERIFICATION_REQUIRED,"duplicate Bleeding rows (2; values=[(1, 5.0), (3, 5.0)])",3154932,2026-08-01
13129,Surprise Shot,Stealth Attack,1,2,4.0,MANUAL_VERIFICATION_REQUIRED,"duplicate Bleeding rows (2; values=[(1, 5.0), (3, 5.0)])",2362516,2026-08-01
13022,Trick Shot,Weapon,2,1,1.0,STRUCTURALLY_CLEAR,,2791080,2026-08-01
13041,Cluster Bomb,Weapon,2,1,1.0,STRUCTURALLY_CLEAR,,3070139,2026-08-01
13043,Detonate Cluster,Weapon,2,1,1.0,STRUCTURALLY_CLEAR,,3070141,2026-08-01
13083,Disabling Shot (thief short bow skill),Weapon,1,1,1.0,STRUCTURALLY_CLEAR,,2839883,2026-08-01
13024,Choking Gas,Weapon,1,2,2.0,STRUCTURALLY_CLEAR,,3121031,2026-08-01
13025,Infiltrator's Arrow,Weapon,,1,1.0,MANUAL_VERIFICATION_REQUIRED,conditions present but hit count missing,2360175,2026-08-01
13125,Deadly Strike,Stealth Attack,1,2,2.0,STRUCTURALLY_CLEAR,,2837646,2026-08-01
13120,Jab (thief skill),Weapon,1,0,0,STRUCTURALLY_CLEAR,,2837658,2026-08-01
72924,Malicious Ashen Assault,Stealth Attack,12,6,16.0,MANUAL_VERIFICATION_REQUIRED,"duplicate Bleeding rows (2; values=[(2, 7.0), (3, 4.0)]) | duplicate Poison rows (2; values=[(2, 7.0), (3, 4.0)])",3128621,2026-08-01
50417,Malicious Deadly Strike,Stealth Attack,1,2,2.0,STRUCTURALLY_CLEAR,,2837660,2026-08-01
13121,Poison Tip Strike,Weapon,1,1,1.0,STRUCTURALLY_CLEAR,,2837666,2026-08-01
13119,Stab (thief spear skill),Weapon,1,0,0,STRUCTURALLY_CLEAR,,2837676,2026-08-01
13069,Flanking Dive,Weapon,2,0,0,STRUCTURALLY_CLEAR,,2837651,2026-08-01
13130,Break Stance,Weapon,,0,0,STRUCTURALLY_CLEAR,,2837638,2026-08-01
13122,Nine-Tailed Strike,Weapon,9,1,1.0,STRUCTURALLY_CLEAR,,2837663,2026-08-01
50379,Hooked Spear,Weapon,1,1,1.0,STRUCTURALLY_CLEAR,,2837653,2026-08-01
13070,Tow Line,Weapon,1,1,1.0,STRUCTURALLY_CLEAR,,2837681,2026-08-01
13068,Shadow Assault,Weapon,3,0,0,STRUCTURALLY_CLEAR,,2939776,2026-08-01
50449,Malicious Ripper,Stealth Attack,1,2,5.0,MANUAL_VERIFICATION_REQUIRED,"duplicate Bleeding rows (2; values=[(1, 10.0), (4, 10.0)])",2837706,2026-08-01
13072,Piercing Shot,Weapon,1,1,1.0,STRUCTURALLY_CLEAR,,2837710,2026-08-01
13126,The Ripper,Stealth Attack,1,1,4.0,STRUCTURALLY_CLEAR,,2837719,2026-08-01
13073,Deluge,Weapon,1,0,0,STRUCTURALLY_CLEAR,,2837696,2026-08-01
13074,Escape,Weapon,2,1,1.0,STRUCTURALLY_CLEAR,,2837699,2026-08-01
13075,Crippling Shot (thief harpoon gun skill),Weapon,1,1,1.0,STRUCTURALLY_CLEAR,,2839880,2026-08-01
13076,Ink Shot,Weapon,1,1,1.0,STRUCTURALLY_CLEAR,,2837703,2026-08-01
13078,Smoke Trail,Weapon,,0,0,STRUCTURALLY_CLEAR,,2837716,2026-08-01
63362,Haunt Shot,Shroud,3,1,1.0,STRUCTURALLY_CLEAR,,3129491,2026-08-01
30210,Hook Strike,Stealth Attack,2,0,0,STRUCTURALLY_CLEAR,,3155125,2026-08-01
69250,Malicious Hook Strike,Stealth Attack,2,0,0,STRUCTURALLY_CLEAR,,3172043,2026-08-01
30434,Punishing Strikes,Weapon,8,1,4.0,STRUCTURALLY_CLEAR,,2768604,2026-08-01
30135,Staff Bash,Weapon,2,0,0,STRUCTURALLY_CLEAR,,2690743,2026-08-01
30614,Staff Strike,Weapon,2,0,0,STRUCTURALLY_CLEAR,,2691202,2026-08-01
63107,Grasping Shadows (underwater),Shroud,2,2,3.0,STRUCTURALLY_CLEAR,,2816326,2026-08-01
63167,Grasping Shadows,Shroud,2,3,6.0,MANUAL_VERIFICATION_REQUIRED,"duplicate Torment rows (2; values=[(2, 6.0), (3, 6.0)])",3128637,2026-08-01
29911,Weakening Whirl,Weapon,6,2,2.0,MANUAL_VERIFICATION_REQUIRED,"duplicate Weakness rows (2; values=[(1, 1.0), (1, 2.0)])",3128614,2026-08-01
63220,Dawn's Repose,Shroud,5,1,1.0,STRUCTURALLY_CLEAR,,3129492,2026-08-01
63227,Dawn's Repose (underwater),Shroud,4,1,1.0,STRUCTURALLY_CLEAR,,2478790,2026-08-01
30520,Debilitating Arc,Weapon,2,1,1.0,STRUCTURALLY_CLEAR,,3118845,2026-08-01
71802,Helmet Breaker,Weapon,2,1,1.0,STRUCTURALLY_CLEAR,,2956541,2026-08-01
30775,Dust Strike,Weapon,2,1,1.0,STRUCTURALLY_CLEAR,,2920234,2026-08-01
63160,Eternal Night,Shroud,6,4,6.0,MANUAL_VERIFICATION_REQUIRED,"duplicate Poison rows (2; values=[(2, 4.0), (2, 6.0)])",3129485,2026-08-01
63249,Mind Shock,Shroud,3,1,1.0,STRUCTURALLY_CLEAR,,3119407,2026-08-01
30597,Vault,Weapon,2,0,0,STRUCTURALLY_CLEAR,,2809534,2026-08-01
13116,Crippling Strike,Weapon,2,2,2.0,STRUCTURALLY_CLEAR,,3105232,2026-08-01
50484,Malicious Tactical Strike,Stealth Attack,3,4,13.0,MANUAL_VERIFICATION_REQUIRED,"duplicate Daze rows (3; values=[(1, 1.0), (1, 2.0), (1, 3.0)])",2856534,2026-08-01
13088,Slash (thief skill),Weapon,2,0,0,STRUCTURALLY_CLEAR,,2585640,2026-08-01
13009,Slice (thief skill),Weapon,2,0,0,STRUCTURALLY_CLEAR,,2585639,2026-08-01
13114,Tactical Strike,Stealth Attack,3,4,13.0,MANUAL_VERIFICATION_REQUIRED,"duplicate Daze rows (3; values=[(1, 1.0), (1, 2.0), (1, 3.0)])",2939789,2026-08-01
13128,Infiltrator's Return,Weapon,,0,0,STRUCTURALLY_CLEAR,,2856770,2026-08-01
13015,Infiltrator's Strike,Weapon,2,0,0,STRUCTURALLY_CLEAR,,2828892,2026-08-01
13016,Flanking Strike,Weapon,2,0,0,STRUCTURALLY_CLEAR,,3105231,2026-08-01
80244,Flawless Execution,Weapon,20,0,0,STRUCTURALLY_CLEAR,,3172078,2026-08-01
13007,Larcenous Strike,Weapon,2,0,0,STRUCTURALLY_CLEAR,,2840222,2026-08-01
13112,Stab (thief sword skill),Weapon,1,0,0,STRUCTURALLY_CLEAR,,2362326,2026-08-01
76601,,Artifact,,0,0,STRUCTURALLY_CLEAR,,,
76800,,Artifact,,0,0,STRUCTURALLY_CLEAR,,,
76591,,Artifact,,0,0,STRUCTURALLY_CLEAR,,,
76733,,Artifact,,0,0,STRUCTURALLY_CLEAR,,,
78309,,Artifact,,0,0,STRUCTURALLY_CLEAR,,,
79285,,Artifact,,0,0,STRUCTURALLY_CLEAR,,,
